League,NFL,NHL,NBA
Average Concussions per Game,0.6274414063,0.02013375,0.007916131793
NFL Compared to Each League,1,31.16366332,79.2611117