League,Average,Relative
NFL,0.6274414063,1
NHL,0.02013375,31.16366332
NBA,0.007916131793,79.2611117